{
  "non-interactive": false,
  "dry-run": false,
  "verbose": false,
  "force": false,
  "pkgFiles": ["package.json","bower.json"],
  "increment": "patch",
  "commitMessage": "Release %s",
  "tagName": "v%s",
  "tagAnnotation": "Release %s",
  "buildCommand": "ember build --environment='production'",
  "src": {
    "beforeStageCommand": "node update-version.js"
  },
  "dist": {
    "repo": "git@github.com:addepar/ember-charts.git#gh-pages",
    "stageDir": ".stage",
    "baseDir": "ember-dist",
    "files": ["**/*"]
  },
  "npm": {
    "publish": true,
    "publishPath": ".",
    "forcePublishSourceRepo": true
  }
}
